<?xml version="1.0" encoding="UTF-8"?>
<project-private xmlns="http://www.netbeans.org/ns/project-private/1">
    <editor-bookmarks xmlns="http://www.netbeans.org/ns/editor-bookmarks/2" lastBookmarkId="0"/>
    <open-files xmlns="http://www.netbeans.org/ns/projectui-open-files/2">
        <group>
            <file>file:/C:/Users/Brit%20Briggs/Desktop/finalProject.X/rangeFinder.c</file>
            <file>file:/C:/Users/Brit%20Briggs/Desktop/finalProject.X/timer.c</file>
            <file>file:/C:/Users/Brit%20Briggs/Desktop/finalProject.X/nbproject/Makefile-default.mk</file>
            <file>file:/C:/Users/Brit%20Briggs/Desktop/finalProject.X/main.c</file>
            <file>file:/C:/Users/Brit%20Briggs/Desktop/finalProject.X/rangeFinder.h</file>
            <file>file:/C:/Users/Brit%20Briggs/Desktop/finalProject.X/pwm.c</file>
            <file>file:/C:/Users/Brit%20Briggs/Desktop/finalProject.X/timer.h</file>
            <file>file:/C:/Users/Brit%20Briggs/Desktop/finalProject.X/switch.c</file>
        </group>
    </open-files>
</project-private>
